title,description,owner,deadline,priority,confidence,estimated_effort,owner_valid,evidence
Update roadmap for onboarding & analytics,Update the Q1 roadmap to reflect onboarding as the top priority and push the advanced analytics pilot to March.,Mira,TBD,High,0.9,Small,True,"Jeffy: So onboarding is urgent and impactful. Analytics is important but less urgent. Mira, please update the roadmap to reflect that, and push analytics pilot to March? Mira: Yep, I'll shift timelines."
Define 3 onboarding success KPIs,Define 3 concrete Key Performance Indicators (KPIs) to measure onboarding success within 30 days.,Mira,Tomorrow morning,High,1.0,Large,True,"Jeffy: Also, Mira, I want 3 concrete KPIs to measure onboarding success within 30 days. Can you do that by tomorrow morning? Mira: Uh, yeah, that's doable. I'll have something by then."
Plan lightweight onboarding usability test,"Plan a quick, lightweight usability test, consisting of a maximum of two sessions, after the new onboarding prototype is ready.",Leah,After new onboarding prototype is ready,Medium,0.9,Small,True,"Leah: Should we plan a quick usability test after the new onboarding prototype is ready? Nothing big, like two sessions max? Jeffy: Sounds good. Keep it lightweight."
Complete backend changes for onboarding,Engineering team to complete the backend changes required for the onboarding flow.,Arun,This week,High,1.0,Large,True,Arun: Engineering can do backend changes this week and UI next week. We're aiming for a Thursday internal demo.
Complete UI changes for onboarding,Engineering team to complete the UI changes required for the onboarding flow.,Arun,Next week,High,1.0,Large,True,Arun: Engineering can do backend changes this week and UI next week. We're aiming for a Thursday internal demo.
Keep internal messaging consistent about silent launch,"Ensure consistent internal messaging regarding the silent launch of the onboarding update, with no external ads or blog posts.",Leah,TBD,Medium,0.9,Small,True,Jeffy: Silent. No ads or blog posts. Leah: I'll keep messaging consistent.
Deliver design assets to engineering,Deliver the necessary design assets to Arun's engineering team.,Leah,By 8 PM tonight,High,1.0,Large,True,Arun: Waiting on design assets tonight. Leah: You'll have them by 8 PM.
Plan A/B test for deferred permissions,"Plan an A/B test for the onboarding permission screen, specifically testing deferring some permissions to a later stage to reduce friction.",Mira,Post-launch,Medium,0.9,Large,True,"Mira: That could reduce friction. Should we test that variant? Jeffy: Yes, put that in as an A/B test post-launch."
Design explanatory microcopy/tooltips for permission screen,Work on designing explanatory microcopy or short tooltips to clarify why certain permissions are needed upfront on the onboarding screen.,Daniel,TBD,High,1.0,Large,True,"Jeffy: Sounds good, Daniel. Can you work on that? Daniel: Will do."
Record usability testing sessions,Ensure that all usability testing sessions are recorded for detailed analysis.,Leah,Before or during usability tests,Medium,0.9,Large,True,Jeffy: Excellent. Make sure to record sessions for analysis.
Draft internal messaging about analytics pilot delay,"Draft messaging for internal teams, such as marketing, to manage expectations regarding the delay of the analytics pilot to March.",Leah,TBD,High,1.0,Medium,True,"Jeffy: We need to manage expectations. Leah, please help draft messaging to internal teams. Leah: On it."
Fix data pipeline bugs for analytics,Use the extra time gained from delaying the analytics pilot to improve data accuracy and fix existing data pipeline bugs for the analytics backend.,Arun,By March,Medium,0.9,Large,True,"Arun: About analytics backend, if we delay pilot, can we use this time to improve data accuracy? Jeffy: Absolutely. Use the extra time to fix data pipeline bugs."
Prepare a roadmap update deck,Prepare a concise presentation deck outlining the key changes and dates for the updated roadmap.,Mira,TBD,High,0.9,Small,True,"Mira: For the roadmap update, do you want a formal doc or just a quick deck? Jeffy: Deck with key changes and dates. Keep it tight."
Prepare to field questions for Thursday demo,Prepare to answer potential questions from the team during the internal demo of the core onboarding flow.,Mira,By Thursday,High,1.0,Medium,True,"Mira: Will product be ready to field questions? Jeffy: Yes, Mira, you should be prepped."
Prepare user feedback snippets for demo,Prepare quick user feedback snippets to present during the internal onboarding demo.,Leah,By Thursday,High,1.0,Small,True,Leah: I can prepare quick user feedback snippets for the demo. Jeffy: Perfect.
Invite Customer Success to onboarding demo,Invite the Customer Success team to attend the internal demo of the core onboarding flow.,Leah,Before Thursday,Medium,0.9,Large,True,"Leah: Should we invite customer success team? Jeffy: Yeah, good idea."
Conduct smoke tests for onboarding,The QA team is to conduct smoke tests for the new onboarding flow.,Arun,By Wednesday,High,1.0,Large,True,Arun: QA is prepping test cases for onboarding. Will do smoke tests by Wednesday.
Finish final design icons,Complete the design of the final icons required for the onboarding project.,Daniel,Today,High,1.0,Large,True,"Arun: Design asset delay, but Daniel is on it. Daniel: Yep, finishing final icons today."
Review final design icons,Review the final design icons completed by Daniel.,Leah,Tomorrow morning,High,1.0,Large,True,Leah: I'll review those tomorrow morning.
Add qualitative feedback to post-onboarding survey,"Incorporate qualitative feedback, such as an 'ease of use' rating, into the post-onboarding survey.",Leah,TBD (before survey launch),Medium,0.9,Large,True,"Mira: For KPIs, we might want to add qualitative feedback, like “ease of use” rating. Jeffy: Good call. Leah: We'll add that to post-onboarding survey."
Push for design intern hire,Advocate and push forward the initiative to hire a design intern to help alleviate resource constraints.,Mira,TBD,Medium,0.9,Large,True,Jeffy: Can we get an intern in design? Mira: I’ll push for it.
Expedite design intern hiring process,Work to speed up the process for hiring a design intern.,Mira,TBD (as quickly as possible),High,0.8,Large,True,"Jeffy: Cool, please speed that up."
Build onboarding as modular pieces,Engineer the onboarding flow using modular components to facilitate easier future iterations and avoid extensive rewrites.,Arun,TBD (ongoing development),High,0.9,Large,True,Jeffy: Worth it. Build modular to avoid rewrites later. Mira: Got it.
Design clearer error messages,"Design clearer and more user-friendly error messages for the onboarding process, based on user feedback.",Daniel,Next week,High,1.0,Large,True,Jeffy: Definitely a must. Daniel: Will work on error message designs next week.
Send weekly email updates to Marketing on onboarding progress,Provide weekly email updates to the Marketing team regarding the progress of the onboarding project.,Mira,Weekly (ongoing),Medium,0.9,Small,True,Mira: Marketing still wants early heads-up on onboarding progress. Jeffy: Weekly email updates to them.
Coordinate legal compliance check for analytics data retention,Coordinate with the legal team to clarify and ensure compliance regarding the analytics data retention policy.,Mira,TBD,High,1.0,Small,True,Arun: Need to clarify analytics data retention policy. Jeffy: Compliance check with legal. Mira: I’ll coordinate.
Update onboarding help pages,Update existing user support help documentation relevant to the new onboarding process.,Leah,This week,High,1.0,Small,True,"Mira: Regarding user support, is there a help doc update planned? Leah: Yes, updating onboarding help pages this week."
